0.03,16.296296296296298,0.4772442122300466,3.1696038087209066,8.900045808156332,-0.08245398340125878,0.0056105634896084665,-0.07300834283232689,2.0470340066683446,4.696368396684388,7.610617577483082,0.18303781756322252,0.0709522739941549,0.15683865385500137,5.841398862569764,14.870822119645469,36.08769173099691,1.6574375364006366,1.2656090033179523,1.0741748552370183,andando_passos_longos
0.05,9.885057471264366,0.39661189065925007,2.975084555560145,8.914025684882855,-0.0029020143696909836,0.02273858055986207,0.04081189423671056,1.0504557126168828,1.1001559558341676,3.646152326023159,0.13236609646538192,0.14890883040076702,0.17360182791414627,5.9181875965912445,16.987855603001616,49.09250636162772,1.9512137617381007,1.9487996808736874,1.8357884877539263,andando
0.04,12.31060606060606,-0.018500646406953983,3.8429113531654533,9.250977841290561,0.08745119384151291,-0.06784004398452287,-0.10318853655322031,2.5524208850726278,7.034717848053487,13.681029128889499,0.1577090880340122,0.07880630211457683,0.1722781156857716,7.494050273235579,21.901120550316854,46.73067133346841,1.802383620118148,1.4776779944608838,1.2637563539519712,andando_passos_longos
0.02,24.404761904761905,-1.4570427451814925,2.4239582078797475,9.461543083190918,-0.011870447280151504,-0.050449415509189875,-0.07913634631716247,1.4201363239859643,0.28960781705825045,2.229847904770947,0.213150703774273,0.19553475523124578,0.08692529559762897,7.042977949263207,9.290454076549858,35.840047933532176,1.7436279613882988,1.9424148247712385,1.585718427106346,andando
0.03,16.33986928104575,-1.772835934863371,3.107673811561921,8.305908203125,0.10182985137490665,0.025128472377272212,-0.08221586262259413,2.3469104144571764,1.9693578825562923,10.981955143271428,0.258970770601784,0.41317267205880415,0.14176750660092932,9.66062007993281,14.059121765871776,36.87127778873659,1.707769590853483,1.7487367937286016,0.9304220216961323,andando_passos_longos
0.05,9.888888888888888,-0.29975405310591063,1.4057156387716532,9.298440901438395,0.03895435960342487,0.0598341784439981,0.007918705232441425,2.6510342339643325,3.6242155236540254,16.148475716504297,0.6710863470063239,0.8315965331750449,0.52201325701768,9.067888496752294,12.961773004579145,55.48228877237675,1.887626147851235,1.8474018060492634,1.4552640964475319,andando_passos_longos
0.05,9.88095238095238,4.03867623422827,1.797703436442784,6.909324139356613,-0.032757883126448305,0.0021306032847080913,0.12578112020024232,24.98225450614492,11.829671493752892,8.556140078116224,1.1574775876517571,1.2506112790035158,0.7652126425259053,34.003065839271386,20.535809112285555,39.70210578725948,0.9753767249528189,1.4859389010669022,1.6017434018486698,andando_passos_longos
0.07,7.080200501253133,-0.7154882813950902,2.979394971147964,8.711617921528063,-0.009952113669561712,-0.1037543147410217,-0.0844107698649168,1.0471907616624263,1.660425910749424,3.8921867716314242,0.16310293894853214,0.32237668814314435,0.14144987443494522,7.697164491817281,20.010356608125342,55.061874251864815,1.9715507536025296,1.9551705626209686,1.9031831446010052,andando
0.06,8.246527777777777,-0.363619391922839,2.0498855826444924,9.640702024102211,0.07789983710972592,0.0022970456411712803,0.11535168712725863,2.595728641007755,2.6585942511510923,8.397302410253545,0.1566923887004522,0.06913772958057324,0.4965087822641676,9.343143288106143,14.816882428456903,56.946413527886236,1.9025546984600223,1.8997268719053224,1.7009542018660846,andando_passos_longos
0.03,16.358024691358025,0.18648170597023433,2.6604901320404477,9.045826064215767,0.05610563823979141,0.015269253195987808,0.006806060775286621,1.7797122824825868,3.121472029991443,7.504827785393257,0.1207250154860867,0.058200035430439084,0.1986084175613854,5.714960959148785,13.549695048530381,40.09953048914531,1.7945779379039908,1.6563226999607188,1.2391577219512517,andando_passos_longos
0.03,16.374269005847953,-0.01612936332821846,2.1782195019094566,8.904918093430368,-0.0667772981289186,-0.10002577378365554,-0.053040575040014165,1.311566858715516,3.345440629601343,10.591325908939483,0.21214358837859704,0.15578833130265798,0.22940542770597253,4.99246565200612,12.398045641709038,41.326613108664226,1.8655205432676143,1.6560367538460845,1.2846228399146449,andando_passos_longos
0.05,9.87179487179487,-0.43298215605318546,2.4579243029539404,9.074576964745155,-0.10325185648308924,-0.05564127665442916,-0.20961765987941852,2.645698955566765,2.39689597105774,2.53870261944732,0.329898985307621,0.34740298339123493,0.215766391616709,8.582685190469704,14.812004729368782,46.97928152304799,1.8515887334717667,1.8656943645238526,1.8571027709812336,andando
0.06,8.246527777777777,0.08948329754639417,3.1871313803712837,8.660725384950638,-0.14338231272995472,-0.05100109084742144,-0.017444237193558365,1.189935483451804,3.026497735433275,4.751590477955501,0.3337340815554848,0.23360558261081224,0.1688794820482863,6.191459263189138,20.54014930514821,50.52041319592986,1.9548362685960232,1.8869844403576266,1.8393031025525401,andando
0.05,9.885057471264366,6.149135634046177,-5.33213476939448,2.5596492994448234,0.1286437903884156,-0.13771716685130678,-0.030746675963545668,8.484340577879328,19.551748635586364,9.247317043019637,0.4860610314075706,3.402908610358268,1.6348699987201234,36.64137114095893,37.3030680400766,21.40501169810174,1.6443770253840149,1.2494844457823393,1.60445527279903,andando_passos_longos
0.03,16.319444444444443,-0.45699324319139123,3.166930302977562,8.848670035600662,0.018309789011254907,-0.10073714458849281,0.016245777951553464,1.0221661603563494,3.605233555613253,8.143688197711908,0.14490134044541642,0.11113432919487032,0.16998371826371045,4.438033771262107,14.770067623152336,37.18981572347977,1.8490100212689904,1.4866525554518697,1.023294207008722,andando_passos_longos
0.1,4.967948717948717,5.948394096241548,-6.430733655507748,2.625610501630805,0.13592779183258805,-0.15756151699819243,-0.08884985780773255,10.88177956059096,13.865555393898573,12.99157030439564,0.8039466409634068,1.1748838185147548,2.3174260520548517,49.048842371754276,53.585766007241965,32.15650544065414,1.8493617096665624,1.8101729687581671,1.8216360025496474,andando
0.03,16.33986928104575,-0.1346386351129588,6.981210568371941,7.947623019709306,0.030517621239756838,-0.042173226090038526,-0.0688683094785494,3.535012196489087,16.958497880099618,28.360867590469415,1.0467906012259656,0.2504988551956105,0.915253670294461,7.771960878402621,33.418985337092614,39.445339994934834,1.5750471544962754,0.9077598082751152,0.885729081225337,andando_passos_longos
0.02,24.358974358974358,7.1483495602240925,-3.697752448228689,2.9669683830669293,-0.02900886292067858,0.387931990222289,-0.38612915948033333,10.930870765262451,5.608665442653065,5.289306985955808,0.375186727238231,1.0729799242117846,1.3326758743064295,28.396954741757778,15.832450913975583,13.535091755764707,1.1751168389241105,1.07597643267205,1.1026902076239862,andando
0.04,12.3015873015873,0.1272347198710555,3.362827335085188,9.363152844565255,0.07391131624934219,0.036828836548097786,0.05514179941798959,0.7464234257964609,0.7274571023245562,1.803524315426961,0.03228804702155509,0.056873828732456305,0.10746959719366683,4.001856331064331,15.898344585092334,43.34645620611292,1.9342020761825873,1.9354889906301067,1.8455783425092216,andando
0.04,12.3015873015873,-0.4505659567546986,3.340025368190947,9.191910334995814,0.0018769533240369388,0.01516779764954533,-0.17851332912132853,1.187454335173604,0.600032975649247,2.309930106031262,0.24647288571638787,0.06610155256013661,0.13245177326492324,5.4036787791057215,15.712156158591814,42.694543679085236,1.896227168162587,1.9469017254102678,1.8039347492024334,andando
0.05,9.876543209876544,0.3452970802232071,3.942806853188409,8.571064684126112,-0.05425123321927256,-0.009706037722665954,-0.013612130971590954,1.177269127926451,1.0949869482528445,2.0589839684835565,0.14134927763984706,0.08598549592902216,0.11403757746056338,5.916542777797041,21.196680079782844,45.15636845755923,1.9372308592909255,1.9412978875354898,1.89106212373922,andando
0.03,16.319444444444443,-0.4752490436658263,2.31788650713861,9.11053591966629,0.12410709168761969,-0.11811479413881898,0.1474770457862178,2.1401935682364015,2.7967368185735126,9.345416742657076,0.17468223742133238,0.3657956545415514,0.24183998643597227,6.152794775373785,11.432819199864038,38.438997174470984,1.7139669241930127,1.5984687890948048,1.2623014354255957,andando_passos_longos
0.04,12.3015873015873,0.47063164767764865,2.2500935452325,9.015195437840053,0.05296047748110834,0.101253935457429,0.01775494696838515,1.1983733149117595,1.3474427875180945,7.425970498343593,0.10441264146045484,0.0599233404069469,0.13734655116487438,5.460514327136071,11.602484162717749,43.15894003444373,1.8957672703277435,1.8819048468794435,1.5396710457496958,andando
0.03,16.319444444444443,-0.33997665136121213,1.7522563878446817,8.954314410686493,0.026232934556901455,0.08622247015591711,0.22391210007481277,1.304803877821576,1.5052775641945566,7.1039577421055595,0.15282571763393288,0.05487638958020474,0.2233198503149385,4.767201277550356,8.55633567638582,37.370299288613325,1.8061426841130914,1.7771275102896495,1.522460586668675,andando
0.03,16.33986928104575,-1.253716659896514,2.9907804376938762,8.595184129827162,0.14550702975076787,-0.020992611260975107,-0.0793332902385908,1.489140317098599,3.089732507266476,6.399424848441975,0.8809015716718098,0.4541594154032148,0.37160432401841975,7.2136036948817335,14.303373807388956,36.94187943593653,1.8082108122406324,1.6041696314760094,1.5399681044855016,andando
0.06,8.251633986928105,-0.08083949544850517,3.635665711234598,8.540962436619926,0.021399935433531508,0.14033720512901815,0.4557590960963246,6.2478811254425155,4.668238131266726,24.70977178343651,0.5947818676911699,0.6491640531713944,0.9693100433053337,14.582528898715546,24.660379397605904,57.62261342844864,1.795533266158113,1.8454813892658677,1.2834055137380485,correndo
0.01,48.148148148148145,0.23250360062552822,2.3266319632530212,9.326213465796577,0.14795790943834516,0.0578811334239112,0.03515479982727104,1.9093588246164623,1.3078511195453315,9.199251210525986,0.06776371735287362,0.0037203153043062864,0.052222866283526535,4.203659208390076,7.777506458228334,29.4210397399749,1.2212307541521108,1.4225137893092221,1.0593511302437606,andando_passos_longos
0.06,8.24915824915825,0.22563536775608858,2.2897274123899862,9.101303885380426,0.09287452989850532,0.03505795237354257,0.04890681475852475,1.6461143085942203,6.34664007276905,17.707510678634105,0.5632936809220194,0.2380137700462787,0.27989110944238643,7.483438094661391,19.55641137739829,57.60087692091392,1.9412300190068625,1.7855051219041438,1.476280404575185,andando_passos_longos
0.06,8.253968253968253,0.3979847317295415,3.735228249004909,8.533208574567523,0.03494173700788191,0.020514574753386635,0.15306795090436937,1.8106076399198419,1.8238003557699694,6.518826273230132,0.1289247349547703,0.1370380912203745,0.17760344340971343,8.301504805234933,23.49788426598656,52.694464792429564,1.9435581817982661,1.9419341927363916,1.8023152115159027,andando_passos_longos
0.06,8.246527777777777,0.7685387468663976,3.624222807586193,8.739883601665497,0.0809958576282952,0.0279307572345715,0.05616112062125467,1.021567214158435,3.556236143787123,5.808687582433077,0.4153105223147551,0.20501796237741549,0.179246300012048,7.182688119846848,23.11102047271133,51.28563243735057,1.960867124966111,1.8765460790255497,1.799706168142898,andando
0.05,9.876543209876544,5.491766644848718,-7.8999788319623026,2.0531609430909157,-0.0612743071935795,0.08893256855231745,-0.028131733338038128,12.121574455446465,12.941743852756359,8.028270748002708,1.5889527344961039,2.5131536045593017,2.8641109077409945,33.7874094019773,45.10529961935336,18.18188649091151,1.4145051622618448,1.4755258652968066,1.6261728334663637,andando_passos_longos
0.02,24.166666666666668,-0.09816227927803993,3.0909144043922425,8.896853637695312,-0.0012783552054315805,-0.17034097984433175,-0.07467731833457947,1.0279821142381473,0.9319379436050499,0.9270070172702253,0.08975266323698093,0.07001082522810993,0.12334845220142143,3.221207766213175,10.239965722054201,28.298588598699148,1.6417159923791536,1.6538297905926211,1.6722816864061802,andando
0.12,4.145299145299146,0.48723846519222624,1.9202971083613543,9.568408694634071,0.09063218529694356,0.11061059971554921,0.23385725686183342,1.899226285638015,2.394812348397509,8.658642951129808,0.34273935434180147,0.18080804330365077,0.7255556423327361,11.78476959868363,19.88348477079915,80.70843024996903,1.9823604011192735,1.9777005889933736,1.9213610856623524,andando_passos_longos
0.03,16.38888888888889,0.4869806244969368,2.513911800086498,9.381200408935547,-0.030360961612313987,-0.059976214356720445,-0.07110857423394919,1.4902695177112737,2.0963464880009752,5.235559813013437,0.18840718606410178,0.19568532015910622,0.2800635540721554,5.877788098165329,12.973896119990412,43.1839046232797,1.8581816901486605,1.7987435100654343,1.5187423038618713,andando_passos_longos
0.06,8.246527777777777,10.272920807823539,-1.7036241237074137,1.3177087515650783,-0.047838482016231865,0.03928281174739823,0.031193205853924155,60.51314915069802,12.814091585459542,19.66632912894104,1.484880923077604,2.6641671274404555,9.125782696202819,72.89357745634645,22.426004006304748,26.170325474715664,0.696149934931837,1.5502471758472494,1.461234216174302,andando
0.03,16.38888888888889,0.3557783603668213,2.300349009037018,9.147526335716247,-0.039735576743260025,0.03142626048065722,-0.0058591336011886595,0.5721037805180024,0.35120834053664096,1.7400377100061015,0.08297194341178708,0.031552500966220504,0.05811282118103117,3.7381332834004355,10.623383551311917,41.3321365943326,1.9441508562721346,1.9656638968431794,1.8336541518188252,andando
0.01,48.148148148148145,0.02181382632503907,3.194929129547543,9.160215695699057,0.06356271439128452,0.06569331387678783,-0.08581558697753483,0.9998035351428199,2.82978044977917,5.307193017428947,0.20085036493348704,0.07993709343873794,0.3427179272999968,3.000419037977167,10.832182297833402,28.33638476380575,1.544768119300112,1.1211061625264878,0.9419681737779229,andando_passos_longos
0.02,24.444444444444446,-0.6560112814108531,7.375737428665161,6.918285274505616,-0.12030753195285797,0.08451354720940192,-0.030609532197316488,2.2047209484004773,4.445775703939148,8.947319995419129,0.380482415714786,0.26921251955484593,0.06399816996541036,6.286976717475722,29.710421989737366,29.191606105572635,1.6666877814683765,1.3454795437617302,0.9983303481255846,andando_passos_longos
0.04,12.32638888888889,-0.16779362332696715,4.053982009490331,8.459113597869873,0.07656821814210464,-0.0219717506164064,0.001287234287398557,2.17910696833421,2.7915074463023686,8.1333140384534,0.11652020483377505,0.0829691365021063,0.15699903049789776,7.278343220865697,21.48093717484801,43.73280239823295,1.8559397628049878,1.8136032607319736,1.5164754054532514,andando_passos_longos
0.05,9.888888888888888,-1.1190498650074006,2.123178068796794,9.054551521937052,0.05621216633977989,0.0269520129969654,0.02592222476378083,1.384440049050454,1.166912126109652,6.166835210896308,0.428109472334793,0.1798644871954478,0.1095441948655873,8.89389563030206,13.047755252834873,51.42520932606174,1.9401314289333302,1.9492414774064852,1.7705316224895582,andando
0.09,5.516975308641976,-1.59753109049052,9.796574572722117,-0.692722350747014,0.009232572454493493,-0.04318891248355309,0.04241213351876164,2.1126331771120244,2.448990823993625,1.6965046378280373,0.08539086143220674,0.7374383463651769,0.06872525476306829,14.963537702876316,68.73317598350275,10.220846680511372,1.9640660482004029,1.9585646867129474,1.97120450452519,andando
0.04,12.318840579710143,0.7288782635865652,3.6893607274345728,9.157092902971351,0.08721539694006028,-0.044927738768898925,-0.03195890729599025,0.964307779454569,1.0353988643163186,2.4121356859296776,0.11565198214661042,0.09735850673499266,0.13364704240044947,5.864992750159314,18.35418135339782,44.543048624339725,1.930415170196272,1.9240169069101958,1.8261538698275053,andando_passos_longos
0.14,3.5548941798941796,0.8508061685263075,-2.101710035569138,4.195239899680018,-0.12173976838433494,0.2069783262235837,-0.22067921441824487,46.865023409634325,24.724589559353216,24.333404687578504,1.2379261400180064,3.439704345628966,2.781340613201771,58.535462817975954,45.806197982079865,54.9473189541409,1.6756690595925121,1.8170317919194288,1.819489374965917,andando_passos_longos
0.03,16.374269005847953,-0.7467389170962729,1.6545193764920298,9.974496239110044,0.08589657690179975,0.13007836548709556,0.0038687098575265785,0.7665498176277324,0.6079545654957434,1.654637767485092,0.13251579295415286,0.09007841207678319,0.095604608022595,5.015895506362058,7.972602443429815,43.83787228913607,1.9184297330950564,1.9342892268690135,1.8245756622653777,andando
0.05,9.888888888888888,0.33790166828160484,3.6470076481501263,8.786720244089762,-0.032136456668376924,-0.03362787732233604,-0.06579984067939222,1.0692523101349178,0.6210596018298121,1.4137855905222132,0.10279268225546753,0.13478617413612598,0.11864365535730821,5.95843061777783,20.436529343918938,48.56549337907082,1.95358463285456,1.9729346607763023,1.9386641682704542,andando
0.06,8.251633986928105,4.356883732985486,-6.895019233226776,3.6438341390560653,-0.01923800736446591,-0.09324482054559186,0.083719800116823,16.990523314081955,21.50999151004488,14.59265557198843,0.7742547563398852,3.1310536269043747,2.5502715896884647,34.972569422511796,48.453519779731266,30.782888353238103,1.5040100048614866,1.388655758600553,1.5803856351768637,andando_passos_longos
0.03,16.374269005847953,-1.1119176847370047,5.081252072986803,8.409948512127524,-0.0029155576699658446,0.09817552684169066,-0.0461441785538275,2.768384471115193,4.477487580884396,11.886409301927825,0.46696233751702537,0.5370779538993437,0.110477195925501,8.722967543570007,23.992407007055892,39.618925052211,1.7198306862461676,1.5573657861180255,1.06869522941738,andando_passos_longos
0.05,9.866666666666667,0.04060565620660782,4.091977996826172,8.295238456726075,-0.05556588798761368,0.001363586187362671,-0.10691319789737463,1.6107617500677216,5.014891676196887,7.811400405915481,0.38994037441958546,0.470553847296484,0.4200187686628617,6.349036480804963,23.323365753416905,43.767105644497065,1.8999386348662588,1.6971570330401287,1.5840971934901353,andando_passos_longos
0.05,9.885057471264366,0.45704485219100427,3.5064322085216126,8.940774736733273,0.046248582171693704,-0.08026461412423644,-0.018881469643835365,0.7217286053142011,1.6714924786679772,2.8787354699640173,0.13974483799255621,0.13493755884099506,0.1145071194458604,5.19499176752249,20.125362606351874,49.00683077415011,1.9663083042659217,1.922644075103941,1.8674918799998756,andando
0.05,9.87179487179487,-0.3117987296114174,3.0398994844693403,9.275321520291842,0.13885735758007145,0.017249612639156673,0.052855118249471374,3.0660071687763564,3.6067608994918694,4.897606024252213,0.28507734639776766,0.314677403541103,0.35865619828411976,9.068840390626296,18.27680207679641,48.622619001397595,1.828152513695472,1.7989930197482171,1.730662149959092,andando_passos_longos
0.02,24.166666666666668,0.4050989270210266,1.3982138156890869,8.750807237625121,-0.07041612565517426,0.13998001478612423,0.07020307276397944,2.3109404204319093,1.6582893549721553,3.9104499951848752,0.2721734439053437,0.3706860570572412,0.45405776966514394,4.974982975956296,6.011065820098787,28.37024450110663,1.2007078604144448,1.4237017562717444,0.8681260169234091,andando
0.03,16.33986928104575,0.8452940307119313,3.312448434969958,9.228661705465878,0.018674023887690377,-0.1028324840042521,0.09650337164673735,1.0460772353420413,3.2602997292740623,15.221328837460717,0.47305551765870946,0.5032903876048421,0.18069776880649807,5.470848834768468,15.554884897721127,41.31128099071345,1.8616486442425568,1.607997063137892,1.0825207215671233,andando_passos_longos
0.05,9.885057471264366,5.824349688558743,-4.505722445146791,3.513036943201361,0.1027460597648189,-0.018477390809305782,-0.1336029364631094,9.567454554670613,12.664967655762318,9.381162302233385,0.7448543495656753,1.4362304832208512,1.1815984924427112,35.513724271459665,30.919711671446663,25.098907050495196,1.6059291522402483,1.4707792348390691,1.6050000910362148,andando
0.21,2.3734651093141657,-0.23865221851979787,2.598567133365234,9.184519081745508,0.040179783935254475,0.112609927130661,0.34846264751241457,2.694434260112329,3.7082766138960865,7.447620214283352,0.18610988586945837,0.2354207836104745,0.7476812807659039,17.077682776090423,33.29936549865811,98.64643512862719,1.9905603511935837,1.9870013225812777,1.9739970888408696,andando_passos_longos
0.06,8.243727598566307,0.4830108905631688,3.164053400678019,8.930681274783227,-0.020481191275100553,-0.042268230733762104,-0.01243991935024819,0.9694902532977201,1.7037830343687022,3.14670059855314,0.20611596364930015,0.1047788647655486,0.10568894433008186,6.1062658789730655,19.056902310135193,50.695333390163476,1.9604582932397885,1.930989951556815,1.873485520674124,andando
0.06,8.243727598566307,0.3517159538403634,2.6950988019666364,9.089934287532683,-0.004570469620727723,-0.037079207734355045,-0.04683870107175842,1.2793517401896466,0.8602668283561438,2.5272300355633788,0.0781421325158464,0.07262132363471666,0.19920898061953865,6.595053557298831,15.869422037436097,51.37877185184555,1.948168786939831,1.9648747546218182,1.8991762340313478,andando
0.02,24.305555555555554,0.6488286494277418,2.8614700734615326,9.1793692111969,0.0124284652993083,0.07359426405552465,0.1378671806305647,0.9496863259807208,0.9621900040227492,2.3624543919378502,0.08736102364225977,0.06519765187923822,0.11693259862935286,4.055610842719919,10.478664601181984,32.24095659388674,1.7551343941818187,1.7452029450220252,1.4209702449889674,andando
0.06,8.24915824915825,0.011318041971235565,2.9573469561609356,8.717360958908543,0.05739690525683038,-0.2814320779059816,0.025825378202805012,1.2165647358896063,1.8707362627427255,2.0673126001010145,0.2747965971781346,0.27362732001113554,0.17688109654649814,6.33647090428111,18.717612836611497,50.754013877762695,1.9564848415529335,1.933852519179279,1.9265049979793314,andando
0.05,9.87179487179487,0.48418124965750253,2.9951463227088633,8.889118451338549,-0.09870385708144078,-0.12435293297928113,-0.13492395078691727,1.0706717727915533,1.4723032590605654,2.419638433455619,0.22048056649399983,0.16865952952702243,0.18769600580920723,5.825176790286953,16.47796478910311,46.01453788923626,1.9383133635391034,1.9155930755035546,1.8621187660775562,andando
0.06,8.246527777777777,0.07107785425614566,3.3271921519190073,8.359654482454062,-0.08665524658863433,0.04068102833116427,-0.01654539187438786,1.2140933861524912,1.8222255291947962,5.5545153982389674,0.2578503860563903,0.16680905387500555,0.17441831441088812,6.2460110727231966,20.3115203921213,49.13274703144639,1.95358790607512,1.9314769734518176,1.8171541988397544,andando
0.03,16.374269005847953,7.328525392632735,-5.813625762337132,2.401258324910151,0.19012747241772318,0.34369843257100957,0.09924082742317726,13.92130093280757,9.698889852616716,6.703764137867781,0.757688674446864,2.0997441438050615,2.224928773388643,35.84610330150457,28.747966063452346,15.392410725274441,0.9780060446872954,1.4044059801988025,1.4186029523156818,andando_passos_longos
0.02,24.358974358974358,-0.22837002317492777,2.59568304167344,9.311234474182129,0.06580257301147167,-0.03556453035427974,0.08932104649452063,1.8766255077133183,7.4020275096671035,12.644095134898599,0.18235505227048923,0.16961956756575228,0.3385428280870263,5.007406402278236,13.55783070820979,35.93690823353134,1.6223449689975677,1.0935178644598282,1.3411511678594734,andando_passos_longos
0.01,47.91666666666667,-1.0145429633557796,1.3904326558113098,8.451532140374184,0.19761257991194725,-0.21838589757680893,-0.2190516844711965,2.6111579165632453,4.361236394852661,10.747402855079594,1.662393288163285,1.073706645511186,0.27815101262235087,5.396632535986101,7.096218353573488,25.63993734389496,0.811266017172239,1.1161891826516508,0.7845319974335436,andando_passos_longos
0.04,12.31060606060606,0.3249584745869718,2.128880635411902,9.140844388441606,-0.0621261815963821,-0.017190019176764923,-0.11926483362913132,1.6556376480226123,0.7988827251515773,1.7242576892330839,0.16622025369158802,0.16117838213594993,0.588863293911897,6.224723646960328,10.82969716426244,43.314483306448714,1.8704063271204874,1.9359518835062026,1.8637468920912665,andando
0.04,12.32638888888889,-0.596355721509705,1.6352397622540593,8.981448690096537,0.13134223440041146,0.034577761485707015,0.014470283407717943,1.8939404026013456,1.3169332192110461,3.108066166062939,0.17759418258783408,0.3944350644585883,0.17160596537310546,7.347784236100631,9.78685931146587,44.8395771805845,1.8729134724752294,1.9112788135074397,1.7938138177777365,andando_passos_longos
0.02,24.444444444444446,-1.0454680621623993,2.5531767323613166,9.698432191212971,0.3671013375123342,-0.0034089525540669757,0.05276771012383203,1.4593930137301154,3.027401228888406,6.214874118558233,1.1363272459897793,0.6450184134406929,0.19308192196148904,6.187563918132545,11.966273013490635,38.78294620437847,1.7626462648825805,1.576004368541533,1.1959036421217135,andando
0.04,12.333333333333332,1.0262506073713302,3.342305564880371,9.443689136505126,0.0051986416429281234,0.11884452725760639,-0.05130470254458487,1.7808065345221167,3.472943715234627,7.873643976053866,0.18057665284538518,0.10119498277046421,0.15585622611613587,8.417239517282582,19.133707301686808,49.25873234336193,1.8902907453105269,1.7881963425868308,1.5567344483311825,andando_passos_longos
0.01,48.333333333333336,0.5228936448693275,2.386061406135559,9.945035171508788,0.08319970071315766,-0.09885955303907394,-0.06700717676430941,0.7151623311606445,0.6317164068683889,0.8411498068493165,0.3905706285050173,0.1173403647568009,0.12025414592427992,3.1441693577245085,7.9529902808427915,31.58241193598047,1.728161515423536,1.762167968008594,1.6876478434967053,andando
0.14,3.5555555555555554,7.0583620158831275,-3.6626817115147907,1.5347790617744128,0.08915825452034672,-0.1874070410368343,-0.02234282910823822,11.925467702181026,7.31501480274629,12.645387736719115,1.0298095245965528,0.9037885699569169,0.8643638216695594,68.05105181926439,39.430558063459365,33.54206445477856,1.918568602692905,1.9493239808079779,1.914266272778212,andando_passos_longos
0.04,12.32638888888889,0.467268365706938,3.56775955359141,9.077216764291128,0.11048016557469964,0.1172714394730671,-0.0007101975691815218,1.9814977868593813,2.4053157545652066,10.733935103337396,0.16073294902672292,0.1796300682038333,0.20856399329241726,7.266092505521488,19.058367602798295,47.277004800879325,1.8708547264120388,1.8398449202182978,1.4157237863759722,andando_passos_longos
0.04,12.318840579710143,-0.8377624018036801,5.4036091825236445,8.34077417332193,0.04335296024446902,-0.1560891571900119,-0.027975623855245827,3.3005569343122203,4.733558373243854,11.493531903862989,0.3364857036242886,0.3828492165710396,0.05232445504020705,9.594543441577931,27.93651129124836,43.179011700443006,1.7664869493742552,1.6737050851803368,1.278545910654961,andando_passos_longos
0.05,9.88095238095238,2.405146650005398,0.1268927263362067,6.52231850368636,0.009169156197458506,0.05741189287177154,-0.09446901009817209,15.98338668916694,33.51633104567208,21.6183624531962,0.6459789444859576,1.609917060041831,3.2198043256078774,24.688201204655954,30.641607638482927,42.38457303392732,1.4323308186490773,1.1117411812735756,1.206490192343939,andando
0.04,12.318840579710143,-0.05829360992040323,3.840715926626454,8.645149998042895,0.025891348314674004,-0.02389970802418564,-0.12413025436841923,1.3308092065697523,0.5743604354866788,1.2661961319488106,0.5687775502305632,0.20644280760946387,0.14523659514271028,5.539563979694431,18.774598879447783,41.81041420835277,1.9027017061594795,1.9574724329203903,1.9074479115528735,andando
0.03,16.319444444444443,-1.1357494289404713,2.020406950265169,9.339182257652283,-0.006192042434122413,-0.07497027353383601,-0.16125932021532208,1.0149241709767263,0.7975799090345818,1.3137945712706909,0.1861019229421804,0.13791751529332869,0.12071846626197266,6.072694211060304,8.835948531959097,37.6370285358274,1.8483526096311407,1.8840143241092249,1.8046706673339359,andando
0.04,12.318840579710143,0.2069423075603402,3.760770357173422,8.748204749563467,0.08967021107673645,-0.05678495800163111,0.047614138492423554,0.9807567332044924,0.8797478597508513,3.079210148811021,0.11245102782227893,0.049281184180618866,0.1361985407441155,4.85204931888027,18.58849793287071,42.79061601857589,1.9281846937822062,1.9352878831433895,1.7911188110244414,andando
0.04,12.318840579710143,-0.17300710543666198,2.2830274616894513,9.449810048808223,0.04895734161381488,-0.12445447438032083,-0.09865576158399167,0.9332229875296352,1.6607354589209522,5.016649608767743,0.11753102547746107,0.11013068787367726,0.23067299871917654,4.706649791455464,12.572901277916328,46.57529248484077,1.9311590176201718,1.8781182917226804,1.648734547503201,andando_passos_longos
0.04,12.318840579710143,-0.7869636876832532,2.764990663722805,8.522317015606424,-0.07619188644963762,-0.06062929127770274,-0.10569598460974901,0.4351760161052057,1.757309286017927,3.440004833027688,0.35165720028210185,0.11663157741546397,0.1846737898834482,4.924755914992772,14.705682612491021,41.82831002315318,1.9677298593581907,1.871813175285433,1.7913422372575771,andando
0.04,12.318840579710143,7.38309348601362,-3.4947016932394193,4.022050693631172,-0.09513564226622491,0.21820059920782628,-0.16627895961637082,21.845558878437377,10.705487178694346,11.435245330348597,0.7975678721410735,3.5962269150997646,0.8319336971127467,41.9067948063085,22.959177323649268,25.200776844915207,1.1507944874138818,1.3153455837577541,1.3098235879602116,andando
0.03,16.358024691358025,-1.16278393773569,2.594782562719451,9.293492952982584,0.001420399924326274,0.030479324981570244,0.08628905129929383,0.9656651268443276,1.9982604174661875,1.3919475133230008,0.21950363791709857,0.26208768485153994,0.18313297576008924,6.4590377788497255,12.536380074593461,39.7454054960857,1.8854625723013647,1.7666164432843927,1.836097109287832,andando
0.91,0.547369297,-0.677939986,-7.328488156,0.825945164,0.058361321,0.029077766,-0.677939986,17.51599054,78.2501053,41.97899655,2.827717997,2.497966994,17.51599054,39.77250556,107.7599289,61.27139637,1.913152988,1.667931562,1.810604828,andando
0.34,1.466091024,-0.559891743,-7.602534883,0.73987423,0.082203787,-0.00279518,-0.559891743,14.47822988,23.23555387,22.02253777,1.158708515,0.864900404,14.47822988,40.15340885,93.98252958,49.59964445,1.954206441,1.924177123,1.928270461,andando
0.39,1.27657243,-1.167756529,-5.403406278,2.523243046,0.140332387,-0.011294879,-1.167756529,10.26906643,27.51653106,29.01062161,1.111557531,2.340045585,10.26906643,30.12228903,66.51044862,52.5303285,1.935389114,1.825626646,1.818107891,andando
0.23,2.167666167,0.192526844,3.991258062,9.044839991,0.014454977,0.469226566,0.192526844,1.079300658,0.561966669,1.441638059,0.061107584,0.560928814,1.079300658,11.37974517,43.7388212,98.27048971,1.996835929,1.998351743,1.99577524,andando
0.61,0.815532373,0.507498197,-6.173485397,2.100367888,0.030086575,0.00666618,0.507498197,16.50757965,40.0403718,33.56599155,2.041346965,1.432481156,16.50757965,33.26407745,71.81957524,50.06513188,1.857195201,1.655952091,1.714373207,andando
0.5,0.995780591,-0.587761356,-6.305236255,1.825472713,0.064605538,-0.051134252,-0.587761356,19.3509971,38.43730844,27.46122512,1.416072647,1.899735005,19.3509971,39.44642417,78.59562139,49.32233251,1.886589865,1.767197264,1.833075867,andando
0.03,16.374269005847953,0.2915885547470105,1.9763505294134742,8.950533931192599,-0.09273689786756509,0.22371236097655797,0.14303013096612535,9.57500911577641,8.676417465823713,31.16791540359076,0.8962525057109583,1.0266143683439228,1.944812707242568,13.547716671811576,15.461733367827684,45.98172993791551,1.1605538249243652,1.2769305144925749,0.6514750480650533,correndo
0.05,9.87179487179487,-0.3716537734636894,5.675915562189543,7.775998775775616,0.06223792572004291,0.033515880744044595,-0.004302160098002507,1.763551684635728,2.4591868053760995,3.8099667356572757,0.05914102150102875,0.17772980062329205,0.2106254172816997,7.031616706782567,30.02591066290113,40.88005890540705,1.8993682178831994,1.8593670837612941,1.7915565687751775,andando_passos_longos
0.04,12.318840579710143,-1.0243019575010175,7.5111312036928926,5.914511027543441,0.17637611617860588,-0.16127669422522836,-0.0954135445796925,14.898406856310489,5.964914795011908,14.390101367963867,0.5239142838690393,1.188892163018393,0.4717489278320441,19.151888449925003,37.87857118931919,33.69785553186771,1.0637720694707082,1.6043518541490118,1.166121950522996,correndo
0.05,9.885057471264366,0.42270043723542117,3.5809001511540908,9.287851399388806,-0.04639551778934125,-0.0811462389819067,0.009220329603051832,1.133323334134831,1.6058151722018512,3.6578139432022745,0.10238235495661,0.056066194734022176,0.06923940258509172,6.1683037230215545,20.45559021092718,51.06601540407863,1.9474755003194604,1.9254974055411502,1.834924351035,andando_passos_longos
0.06,8.24915824915825,-0.2983320453063105,5.81326683362325,7.9374315810926035,0.05332941062409769,0.00907116714921413,-0.013590605858939163,1.583130559144605,2.9596816609183247,4.9116712472606405,0.10083600960469619,0.20543969559713515,0.262019353491498,7.428349396551114,34.82633840951615,47.341083792082394,1.9434933145363882,1.8943655075623667,1.8303371609553676,andando_passos_longos
0.07,7.081807081807081,-0.19006278213018027,4.54935158827366,9.010301822271103,0.011226590245197982,-0.057116304601853095,-0.08254685348425156,0.6264316386317765,0.8187987663149537,1.5284026950025793,0.03339308803951741,0.04650347074972553,0.24291480514643246,5.083273009737997,28.96723229722988,56.79651154176246,1.9837937645580452,1.9788251928986558,1.9606156317662526,andando
0.05,9.88095238095238,0.608127229215045,4.288015216588974,8.849140541894096,0.011984589555400557,-0.0668854291351246,0.02480620189037706,1.3850686397391005,1.8526139727516922,3.706597973278339,0.08065681212705422,0.04679020717066364,0.06336767900589077,7.009767918144816,23.805698418080656,47.92065125284941,1.9314147035525129,1.9080439401280413,1.8198565513967955,andando_passos_longos
0.07,7.078507078507078,0.07816744857543223,5.463050610310322,8.416330801474082,-0.010940887688382252,0.008608750936046645,-0.02240002659350835,0.5381912301619193,0.8168626882117411,1.1246223513313218,0.02582338604292343,0.06792775094335485,0.19054549795122827,4.487666550292295,33.682132242242,51.59934225272052,1.9845244476626362,1.9765300819065852,1.9677640748668197,andando
0.32,1.5593434343434343,0.3763104641866503,3.9780024015542232,9.051040117668384,0.032029926706331244,-0.13285221355388674,-0.26381271466274153,1.9252024060354256,2.388118431027846,2.6571091539153313,0.15676540261192648,0.41908597279289717,1.005852830244773,18.4668344687482,54.818633271332445,118.13315368818797,1.997210258729336,1.9965393565309004,1.9961514598697183,andando_passos_longos
0.04,12.318840579710143,-1.1419300967422517,7.864640235900879,5.144618977671084,0.17294864105465618,-0.09175448314003322,-0.06007348184230859,17.189247864598855,4.035804484924325,12.487331236293969,0.7307150940215784,1.8444553629591067,0.3657024986226583,20.623889081359668,38.92855664003911,29.932457637475594,1.0278569440037228,1.7172003627019372,1.2438831415471656,correndo
0.76,0.65497076,0.131713015,-7.513324158,0.897602228,0.132238862,0.034430394,0.131713015,16.82547184,50.8977438,84.03437327,2.028128277,1.690856325,16.82547184,35.54168695,89.72783168,79.76844443,1.886329773,1.689270945,1.673492606,andando
1.44,0.346529164,3.125995894,-7.477306985,1.432220033,0.092425671,0.173388237,3.125995894,15.69820071,55.8186049,57.63040195,3.917505144,1.171629951,15.69820071,65.21885098,136.5968412,99.8340452,1.977968997,1.92271842,1.922057318,andando
0.34,1.467738258093935,0.012945389629579907,4.180081284323404,8.944069398003956,-0.01679700800166249,-0.3632786425214997,-0.5821785803100495,1.814243436472552,2.3201012902532723,3.4357741423828636,0.14359549764216417,0.28208160779491176,0.6550888412177894,17.665749216171296,58.347468697573326,119.79286316244101,1.997580886579295,1.9969059282389776,1.99542453837882,andando_passos_longos
0.12,4.14426523297491,0.1999544654371998,2.5903717471106398,9.528459256695163,0.00977667778985755,-0.011357439693153625,0.050326688831011136,1.4286064949776738,2.705683465625985,9.874896522118547,0.15279116533556486,0.06420031732783445,0.19150339091674334,9.542141979661007,24.161414977997687,79.0020177234375,1.9854179494068482,1.972342909861853,1.9015523895483877,andando_passos_longos
0.03,16.374269005847953,0.5206758505419681,2.1341157743805335,10.601021001213475,0.2376172871966111,-0.020016353969511232,-0.5413390435278416,23.824057544773563,9.36920076257712,60.04306311546973,1.6985855470241398,3.5479039382583446,1.9288550525743577,21.39644963156533,16.26497362800512,57.23695902377361,0.8599339973218647,1.2149198061124844,1.0118452170049381,correndo
0.05,9.885057471264366,-0.16264059892373867,6.172912441450974,7.805758065190808,0.036109891688001564,-0.04984854807242237,-0.11145209874315508,1.737939527021374,2.130248636664043,4.390996240978277,0.07139305486190638,0.18523711295713266,0.1846530228734217,7.153135903346849,34.15871488724427,43.52361199607426,1.920243312868738,1.901655838832372,1.808439034161279,andando_passos_longos
0.07,7.076719576719577,0.10082249120912617,5.09805346859826,8.393672121895683,0.055928088433574885,-0.036604785515616335,-0.053116884988008276,0.7876261026908666,1.0294308050690684,1.4771673353612949,0.03219329246188885,0.10987118178489451,0.24362889955805966,5.359149744808528,31.18821699063942,50.88725149690248,1.9761236470440364,1.968784077811101,1.9556391845481162,andando
0.06,8.246527777777777,-0.4080617534928024,7.064391389489174,6.9946602284908295,0.038650303380563855,-0.01904218224444776,-0.0018309783190488815,1.6827806220403678,2.7162933125829762,5.410589331619127,0.0802712586065909,0.17202431351009959,0.16062669342661706,7.692687471523045,41.03536777618907,41.698291972175745,1.9361627565269799,1.8971035568787786,1.8085082228145184,andando_passos_longos
0.05,9.88095238095238,-0.27550421389085905,6.049121575696128,7.7796164240155905,0.0681029091397899,-0.0033100286964327097,-0.06167308214519705,1.7557840548435715,2.802266661163949,3.0152134566336066,0.059616412134735584,0.12322545530975547,0.18187529954311948,7.16151000474239,33.21198395103878,42.17883431912869,1.9139428450333944,1.861868421601516,1.8551879361839898,andando_passos_longos
0.06,8.243727598566307,-0.32592035757918514,6.213185033490581,7.403026119355233,0.08917566265670522,-0.0985227873128268,-0.1002066402786201,2.1683697937757156,2.7513041069992807,5.470314442636317,0.08027485999092394,0.1877729397139482,0.2949914249871555,8.397166788332125,35.805085440326906,43.22647817207938,1.9132209432590592,1.8888853593322208,1.7880536579848616,andando_passos_longos
0.25,1.994832041,-0.035560387,3.665801191,9.190505168,0.014633382,0.417307362,-0.035560387,1.109412551,0.822382316,1.771632197,0.09242522,0.65739145,1.109412551,11.9698515,42.89058181,105.473102,1.997370191,1.998049978,1.995801216,andando
0.35,1.425631981,1.292366437,-6.394883193,1.632313501,-0.030459599,0.077746948,1.292366437,25.94711621,31.05850405,23.90512399,1.294957828,0.870321106,25.94711621,66.88801842,107.9647706,65.60693987,1.961300429,1.953882596,1.964524576,andando
0.72,0.6900768693221524,0.1465432182797846,-5.60207058658015,3.5575126536049932,0.3788035145943176,-0.08156556391842523,0.013185568929228158,20.62586714037098,49.07504212539035,50.70812911923929,2.0381106602879675,1.8181162940838218,2.786020415285282,33.0803435430366,65.30150503677608,57.950783827221386,1.7368762358612397,1.4099593225890938,1.4195646843038807,andando_passos_longos
0.04,12.32638888888889,-0.9375294533868631,7.791131258010864,6.801727533340454,-0.10062617110088468,-0.05424136070845028,-0.11309902835637331,18.902565258732427,3.662355073970654,14.021730325100526,1.0254516835116194,1.3414525864459457,0.4312265547468406,21.788910978587413,39.30315448516303,38.0374219198627,0.9802697273554025,1.763307227175297,1.2517434781227808,correndo
0.54,0.9245036126756556,-1.4328138672227408,-9.474308518057663,-0.09570186580037741,0.007972542093508804,-0.06749171831039927,-0.06320107347773997,22.853422817931826,55.55115334552891,55.98742946831008,3.70946237767692,2.5406029800395267,1.6714908656763636,73.51655671983121,177.5755262621191,110.2327522311215,1.9810498157011431,1.954138393485779,1.9542574113538764,andando_passos_longos
0.04,12.32638888888889,-1.179942414785425,7.538942098617554,7.042145282030106,-0.08540130034089088,0.027653330626587074,-0.040481282921973616,17.4023816286238,3.823506103636911,15.357639994541648,1.1350110149422183,1.180602368007965,0.3914976688037484,21.238443858720043,38.15520538116233,39.48147418760161,1.0927066315858216,1.7480895744066907,1.1492648138822936,correndo
0.06,8.24915824915825,-0.13131833302252222,4.996481303012732,8.74231868801695,-0.004196625767332135,-0.017851794632433943,-0.055944233631828065,0.9824772239776204,1.2744207386580888,2.253114364563575,0.08108178574665731,0.06696994119687077,0.2340915488129366,5.743763317082219,29.42609595156073,50.95567940322905,1.9646913851531576,1.9541657610152194,1.9198174009684226,andando
0.04,12.32638888888889,1.7070657933751743,2.806203898973763,10.150218159542419,0.29659640075018007,-0.10608580118666093,-0.4998461910678695,42.04543987411447,13.757619290653338,40.19263009853665,5.3953468372545705,3.394097553903842,0.8666624571088732,32.84856654298062,22.785468850090695,58.6282304938175,1.1349346327708802,1.2816419269433899,0.8560211671569069,correndo
0.15,3.319444444,0.78547772,3.13383046,9.340977937,0.079937219,0.490782303,0.78547772,1.067396417,1.000308745,1.593801671,0.100776045,0.605850649,1.067396417,11.60817528,29.42271516,84.3078504,1.99342843,1.993838365,1.99019213,andando
0.03,16.33986928104575,0.3075845092535019,4.8379774864982155,9.225844930200015,0.1149267418693532,-0.13541803848655784,-0.013159549849874833,3.857535821164554,3.1165021985904184,34.80127779202782,0.278544638136832,0.20135535204929672,0.27266248189321135,8.196734037130497,21.234005323860078,45.15082913920992,1.5467949655446647,1.6057854333214319,1.1109684813736196,correndo
0.04,12.318840579710143,-0.3014612666371724,3.274643358976945,10.15703649106233,0.37595718706269626,-0.3067592094125955,-0.5865154503642217,21.36949737288818,7.8675600664669005,40.13709329479679,0.855771403204917,2.6950816761902288,2.106242938235661,22.216855181774157,20.67823811363169,57.41042694701091,0.9457796758626146,1.4869414023901404,0.8289448888419635,correndo
0.05,9.888888888888888,-0.16711527931814393,5.252559312184652,8.543309720357259,-0.025212027256687482,-0.025815691348786154,-0.017932498765488466,1.1808769228213594,1.7324134036442376,4.349899027018302,0.05937002486955027,0.09384081810247387,0.2423657059508491,6.0219708719063245,29.65895787026001,48.16784404713454,1.9489870110126917,1.9249040778872963,1.8178827510104216,andando_passos_longos
0.04,12.32638888888889,-0.5542576846977075,8.278351356585821,4.309962109973033,0.27134000905789435,-0.01984115655068308,-0.07257335726171732,15.820179822071317,5.973444315728197,23.31779050822905,0.3196723107837758,2.077537194401717,0.29482864198419084,19.673768161560375,42.28603897235526,31.70876114803563,1.0995167535649473,1.6207142313801308,1.064475058446371,correndo
0.74,0.672632092,2.70848921,-6.34968175,1.850653192,0.311066714,0.437664294,2.70848921,9.606442435,51.58666395,64.27348327,3.579105138,2.222868254,9.606442435,35.40811152,82.46804865,70.77910453,1.931913051,1.653980187,1.640993106,andando
0.26,1.912212082,-0.146817303,-6.608727134,1.549657166,0.029088018,-0.054312097,-0.146817303,13.42972923,37.91895332,32.18766946,2.284437251,2.359151125,13.42972923,28.17136469,69.38342332,45.17474184,1.85752401,1.600163416,1.6663559,andando
0.61,0.8187992108800783,-7.016042934819913,6.453341450554113,9.684634955165485,0.6631063638022914,0.38334933637430113,-0.704316160549371,48.45352360214506,106.21536978742367,61.54243842583818,4.017166469463434,7.826425662859783,6.668595096110324,174.85231936255352,215.12900435111555,220.4988151816782,1.9805587280587806,1.9575435878316203,1.9753193430054556,correndo
0.45,1.109514687100894,0.7669494901783764,3.643458994811979,9.203847957068476,-0.028381897392983805,-0.28772659886002155,-0.49896304069713143,1.7602307348301387,2.0699042149551796,3.421614400926648,0.1354422345873814,0.3430776670921914,0.8633845510878723,23.341778064943604,59.66548296582293,142.992042209769,1.9987093529462445,1.9984822006607652,1.9974925064040143,andando_passos_longos
0.04,12.3015873015873,0.1860636742342086,2.8771463348751976,10.067504166137605,0.0709690683122192,-0.05361994504485102,0.09770295006178674,11.005987759427887,7.801719396803297,39.526486076751766,1.2035125264673812,2.226751029176281,1.1019110205524032,15.226711938440479,18.37589450913535,54.392128570694354,1.228011100359212,1.445617398357282,0.8613118222746495,correndo
0.04,12.3015873015873,0.8475474003879797,3.2011616913867846,9.145622488998232,-0.06016391639908155,-0.07609264007104295,-0.5475626112449736,12.228043726158594,7.867047593493686,35.52024288892136,1.7519116146582623,0.9934747133558036,1.5066560646993896,16.488601722502832,19.50395239754793,50.02415142312783,1.1988225942220632,1.3801093773173625,0.843770592693912,correndo
0.06,8.243727598566307,-0.4561340503634945,6.555015333237186,7.441642315156998,0.0852237552284233,-0.007388350133213305,-0.06938175760930584,2.2493056335871184,2.3935852915997184,6.420318199248121,0.20213840735589036,0.2607595097358313,0.27688354974242524,8.728017018208195,37.49954867232144,43.769271354747076,1.909301006758962,1.9030616886421514,1.7843995211452108,andando_passos_longos
0.07,7.083333333333333,0.23008277476765215,3.9134424045681953,9.22976723909378,0.07781994133256376,-0.3065658295759931,-0.4876396728679538,1.9545236557174,2.5189725310955096,3.3510714391696057,0.1994050265454962,0.2171033896692384,0.5718563030461626,8.96094133216412,26.708803031935375,59.511234141805,1.9523637235979223,1.9385659942723692,1.9188700851540454,andando_passos_longos
0.07,7.074829931972788,0.3003012953060014,2.565216108730861,9.402098478589739,0.03524610948349748,0.0023132178100890347,0.01369667641286339,0.34976069372489516,0.2586390101572071,1.8499148332607038,0.04795897462259503,0.033789085422413496,0.05124044826971912,3.9240227648495503,15.47139438811941,56.2025619718764,1.9887529298460207,1.9916754539571782,1.9410232307134623,andando
0.3,1.663035585,0.517397942,3.865430813,9.151202224,-0.015589541,-0.040919934,0.517397942,1.002606539,0.809727447,1.573262896,0.074716407,0.886107494,1.002606539,13.94119783,49.0912036,114.2524313,1.998309849,1.998634782,1.99734851,andando
0.07,7.078507078507078,-0.02704800433806471,5.318104318670325,8.296232391048122,0.023724450352224143,-0.05798670271965298,-0.035903385513134906,0.7118777571615089,0.8357033622236968,1.2808842482059208,0.033347552669052254,0.06600549522611678,0.13730898609928563,5.134836512772991,32.823218390948426,50.93141640457128,1.9795705507548726,1.9759994769317302,1.9634172798138625,andando
0.52,0.957147874956094,-0.408719781735172,-8.06734456285222,1.1381313187159496,0.05269571396279825,-0.07264449279627776,0.049733317115867176,22.69757080959601,44.540855194302495,41.83563277871602,2.6784236447815517,2.079885804304458,2.3136962539507437,40.85483392303987,89.45653667997725,56.112041706278546,1.8443783113007086,1.6920758839628594,1.7319211848050946,andando_passos_longos
0.28,1.776556777,0.887622641,-5.477417784,3.427981152,0.49079049,0.128065073,0.887622641,30.45149044,45.25393155,31.73674387,2.259896939,1.643224197,30.45149044,45.06172084,69.94027747,53.16678392,1.742059761,1.60506936,1.719547161,andando
0.55,0.906586526,-1.385985559,-7.823301402,1.200306306,0.139782805,0.008275857,-1.385985559,10.311138,24.85959557,19.78786691,1.709946274,0.990707034,10.311138,38.47185167,102.0475403,50.68195792,1.972524381,1.933972599,1.94743179,andando
0.57,0.873491746,0.365858254,-7.118052549,2.130415203,0.028641661,-0.031203766,0.365858254,21.34243511,50.34940818,46.67903797,2.113564398,2.079843892,21.34243511,41.1901287,89.33235887,63.60973861,1.872137906,1.711067827,1.728537272,andando
0.06,8.260233918,0.884846545,2.197625128,9.742006716,-0.080317781,0.024445761,0.884846545,0.74124266,1.0370047,2.990898596,0.108119645,0.139138377,0.74124266,7.610482941,14.93081761,60.9926926,1.97984431,1.971839401,1.919946643,andando
0.25,1.9948320413436693,0.6343335288526245,4.540854071461877,8.87298576961192,0.010686000951659657,-0.2552913901244485,-0.3412583774179509,1.6663981805393489,2.0490236659923853,2.955743643639419,0.11219328470585156,0.48148657643499265,0.7582408602906465,16.336225378624352,54.076066221529594,102.65205791589072,1.996051399620297,1.9951433844101663,1.9930080193750443,andando_passos_longos
0.07,7.076719576719577,0.24114931985321972,2.4313118341896267,9.367979301346672,0.08016359510171849,0.05832500617382013,0.023643674328923225,0.3071494048074475,0.6425217077081026,1.5072967422127084,0.08817278092499199,0.03594896896997665,0.04757353297123993,3.626415085705475,15.360233134299449,56.68851722859054,1.9906602286439081,1.9805088532142485,1.9546060412623059,andando
0.04,12.318840579710143,-0.24858059134820235,7.6248037296792734,5.900770301404207,0.16993802048913811,-0.062204073588161365,-0.01458993392146152,19.589708249523643,3.5240193522071697,11.750535854338844,0.458229030710813,1.5189772197127887,0.5171883854962579,21.25992739588095,37.65923497857832,32.72768549864583,0.8770334581030076,1.7487144441098488,1.3263842068499687,correndo
0.04,12.31060606060606,0.5687317175113342,2.855629660866477,10.234777038747614,0.007602350109002807,-0.1821173539554531,-0.4650505263019692,7.952873089487016,4.606681908002094,22.474702226088542,0.6637903069731622,0.6406565390857818,1.1634689341790219,13.493673881926634,16.755556054529933,52.90517925210353,1.442626494558119,1.6589841022359217,1.0444345352404993,correndo
0.06,8.246527777777777,-0.7202058068942279,6.401047870516777,7.369951397180557,0.04244542500237003,0.0745374975122104,-0.024868024745956063,2.126231053641179,2.6172211086427004,3.4903042519230554,0.12387425193498872,0.2754696248283185,0.2230737462346482,9.199873839005132,37.348364333358454,43.0093898022194,1.9196627729159306,1.9007912728077405,1.8743753086525476,andando_passos_longos
1.3,0.383874315,0.949764588,-5.856521816,2.707745249,-0.032359166,0.068924098,0.949764588,19.85857236,54.0101991,55.55282556,1.687933476,1.401683331,19.85857236,59.92986024,123.6020433,104.3027076,1.974183602,1.930070166,1.92997069,andando
0.06,8.24915824915825,-0.16033896355127747,5.246058659120039,8.448775060249098,0.032765951713152004,-0.0705032902346416,-0.05158619636980196,0.8464775413662272,0.943160557980365,1.9703295439453559,0.04263790737261381,0.07820492352762241,0.18809486830379818,5.364899077500389,30.648354546793982,49.19979954803548,1.969503580121008,1.9660117935830521,1.929653382437538,andando
0.06,8.246527777777777,0.07496843810076825,5.121646359562874,8.254459246993065,0.01391544152284041,-0.04837113857502118,-0.023469823572668247,1.0733613936548032,1.182424068862987,2.620904724458359,0.047334052056496115,0.0922666749042498,0.21049994348386086,5.876003159607243,29.61820278209284,47.58386354544243,1.9591322752751663,1.9547372114299308,1.9012000640214468,andando
0.04,12.333333333333332,-0.0674206805229187,2.4125891518592835,10.149499907493592,0.11475378865376115,-0.33548330903053286,-0.6439933001995086,16.849747876178995,6.190204985274311,26.32985162507215,0.800528406037064,1.6030765234622597,1.2860148830043485,20.526990417704425,17.328294348365198,56.86435614629005,1.172472967127226,1.6438422725906698,1.0485350870675183,correndo
0.04,12.318840579710143,-0.47446827136951947,7.22112050263778,7.363523461248564,-0.040481278591829796,-0.006623364499081736,-0.042519242791256504,14.187115506632221,3.768019330978531,15.545338452220454,0.6217001404274589,1.0465156170199301,0.3496082667770823,18.20663120637307,35.860700144108556,40.05791773147108,1.1186557111836317,1.7325761900703163,1.1050415711707522,correndo
0.03,16.319444444444443,-0.23912089876830578,4.143465306609869,9.23593233525753,0.07503685262054205,0.1607932646293193,-0.019774576125200838,3.432532639818497,3.4153080515352143,25.393001089037984,0.43882899538874837,0.5097070450030021,0.3827698575223074,7.472307749600531,18.147666648300472,42.084761553891425,1.5200542006395408,1.5346817134316701,0.8938733939604373,correndo
0.18,2.767927502,-0.233816735,-5.849289431,2.449013617,0.16912155,-0.071272901,-0.233816735,22.77541199,44.44748686,34.59868401,2.096751328,1.914563936,22.77541199,46.32523861,85.98951872,61.77424269,1.913198483,1.807308449,1.85708317,andando
0.04,12.31060606060606,-1.2195192900570957,7.45706768469377,6.204682599414479,-0.00803815344856544,0.17262651890897276,-0.028714596209200947,13.736424068317591,3.023266091312148,15.1699493218243,0.7351126289660396,2.123051886272578,0.2763305377113177,18.30082867186776,35.91496540439873,34.3612686114559,1.0648523589996364,1.765032492264501,1.3338101422446498,correndo
0.77,0.6487780297304107,-6.511868835126282,6.666865394228981,10.770057839691324,0.4526015185805225,0.3872308882455977,-0.7817240316401083,53.40048792128806,97.92502245756418,86.87263946714542,4.365047153343187,9.212222528204716,4.538925217121693,190.30044965431082,231.98418069084266,276.9181194099676,1.9852957064814003,1.9730882192528272,1.9761027007038068,correndo
0.04,12.32638888888889,-0.49859251640737057,3.045624050001303,9.342374589682246,-0.12157701277950157,0.20484772541870674,0.4958069423834483,7.925384895815306,7.145180590877561,40.01300802253987,0.7902503323466833,2.4984137139257334,2.1211276500250986,14.006266648810659,19.85205668629257,55.27233760133119,1.5255681097610245,1.5697326162405805,1.0798456262557528,correndo
0.24,2.077687444,0.68513099,3.617152132,9.08496376,0.023306618,0.257377469,0.68513099,1.221847265,0.782296887,1.454866553,0.095545422,0.724349142,1.221847265,14.42303587,41.29804633,101.6412626,1.996814758,1.997959525,1.996208331,andando
0.04,12.3015873015873,2.0473845459166027,3.777822290148054,7.844772827057612,0.43266273680187406,-0.29280448811394827,-0.5154515307928834,52.171205298675375,12.64472037229543,52.941894760898094,1.6030334800547337,2.7752659383683076,1.4657992600146623,34.403819036964535,23.77498463076124,49.03192291609448,0.7163849601740643,1.1438436867128208,0.7352025018611887,correndo
0.2,2.492138364779874,0.07422024477273226,3.893694726925976,9.13726746811057,0.03511459840338607,-0.28058514271353213,-0.516186618659083,1.551974488446432,1.9609351025993689,4.017291655649319,0.11816954453539129,0.3273463554265437,0.5992120201406478,12.848860343125338,42.601762114771674,96.31062524239344,1.9945653621907284,1.9931188700819393,1.985961911670268,andando_passos_longos
0.04,12.333333333333332,0.5140829856693745,2.4453418219089507,9.049507746696472,0.067880721334368,-0.28515869289636614,-0.26692080304026605,9.845127036896947,5.406547994975921,18.789199035654114,0.6778337501394529,1.341005673511355,1.1533962173750718,15.8976479023248,16.87175496277203,50.170406987878216,1.5286769946785566,1.6854474508043173,1.109800603955462,correndo
0.09,5.515297906602254,0.05735674500465393,5.568184510521267,8.294868013133174,0.00013895169325658807,-0.017901621131307405,-0.020055370607777782,0.3618738839086119,0.7161263876089938,1.0734588222867876,0.026887272840272723,0.040716943643277735,0.08739149884326448,4.098478898918778,38.198914068565166,56.69569235990497,1.9932582345943535,1.9866659499011,1.9800905294728552,andando
0.1,4.967948717948717,0.8143969171035749,4.196575187719786,8.848877374942486,0.003195890520985883,-0.3612380973735036,-0.5879005003147401,1.5060300698183258,2.3353265995354358,5.743083751454463,0.0950111923636321,0.3617399613185435,0.7247233913059064,10.62083637182679,32.205925465626365,66.1088281283795,1.9781281990208033,1.966165470189005,1.9193879885341043,andando_passos_longos
0.21,2.373535084,0.609290769,3.480900759,9.174267617,0.022241807,-0.398590306,0.609290769,1.273749154,0.557394535,1.504181705,0.105878492,0.602085723,1.273749154,13.26700156,36.82560136,95.74359706,1.995613692,1.998078733,1.994819757,andando
0.48,1.036066308,-0.263130501,-6.885260667,2.479775108,0.106409416,0.016941661,-0.263130501,17.73721384,35.27830184,23.05303798,2.504943563,2.276811867,17.73721384,33.22649534,71.59942185,42.55048765,1.830068053,1.660634295,1.774160639,andando
0.22,2.266023062,0.573591401,3.334932279,9.290985732,0.005137937,-0.093293612,0.573591401,1.001523184,1.035564358,1.871652209,0.08758785,1.096918293,1.001523184,12.26172588,37.06452692,99.82950312,1.996905895,1.996800335,1.994222063,andando
0.09,5.51440329218107,0.3124167260196474,5.3530093351999914,8.47483558654785,-0.016358226630836727,-0.028313224876506463,0.00561056374054816,0.392754316813673,0.6757892044608768,1.2884100926548792,0.04283830752051095,0.03766337471706056,0.06823179279819555,4.6974603498031655,36.3300483983157,57.35857541837379,1.9923560151297022,1.986853954139743,1.9750383615422544,andando
0.05,9.866666666666667,-1.3057018627226353,8.744773778915405,3.59015331864357,0.25400939911603926,0.16686810452491044,-0.01742826193571091,15.399637774450307,7.966806956817768,16.526929014705708,0.9128034129144942,2.7320039585075135,0.4842983676572085,20.678790540531903,45.945042007061055,27.11831939209782,1.2425131908542504,1.544220678820487,1.3074883804168915,correndo